,会社名,URL,仕事内容,対象者,勤務地,給与
0,株式会社ISS ,http://tenshoku.mynavi.jp/jobinfo-242666-1-24-1/msg,★入社後３カ月間、基礎から学習！研修後は適性や希望に合わせて、開発エンジニアとITインフラエンジニアのいずれかでご活躍いただきます。,◆学歴不問★未経験者歓迎★第二新卒歓迎★未経験者だけでなく、もちろん経験者も歓迎します！,★リモートワーク実施中 ◆本社（社内開発／東京都品川区西五反田）もしくは、東京23区・神奈川県（横…,"【経験者の方】
月給26万円〜60万円+各種手当+賞与年2回

※経験・スキル・能力・前職給与などを考慮して…"
1,株式会社フジワーク ,http://tenshoku.mynavi.jp/jobinfo-307146-1-2-1/msg,自社製品開発、自社内受託開発のほか客先常駐開発など、多種多様なプロジェクトあり！あなたのスキルや経験に合わせてお仕事をお任せします！,【10名以上の大型増員募集】業種未経験◎学歴・転職回数・ブランク不問★システム開発・インフラ・組込みいずれかのご経験者※保守・運用経験者も歓迎,【転勤なし／在宅勤務可／U・Iターン歓迎】 大阪本社、東京本社、高槻本部、那覇事業所もしくは関西圏…,"月給22万円〜60万円＋各種手当＋残業代100％支給＋賞与年2回
※開発実績・経験・スキルを考慮した上で、…"
2,株式会社リクルートスタッフィング情報サービス ,http://tenshoku.mynavi.jp/jobinfo-288781-1-67-1,【手厚い研修＆同期と一緒で心強い★資格取得でお祝い金GET】まずはITの基礎研修からスタート★簡単なIT業務からスキルアップしていけます！,【1・2月入社積極採用！】◆学歴不問◆様々な前職の先輩方が活躍中◆文系出身者は約8割◆平均年齢28歳《未経験・第二新卒、社会人デビュー大歓迎》,東京エリア(東京、神奈川、千葉、埼玉)または大阪エリア(大阪、京都、兵庫、奈良)での勤務 【東京エ…,"■首都圏：月給18万8000円以上＋各種手当＋賞与年2回
■関西：月給17万8000円以上＋各種手当＋賞与年2回
…"
3,株式会社テクノプロ ,http://tenshoku.mynavi.jp/jobinfo-164102-1-71-1,【研究開発職(化学・バイオ分野)】医療・医薬品/バイオ/材料開発/環境/エネルギー/エレクトロニクス等、多彩なプロジェクトで活躍してください!,【23年春入社歓迎/正社員採用/年収UPも可能】大卒/高専卒/専門卒かつ研究経験1年以上ある方、または理系大学修士課程修了以上（実務未経験歓迎）の方,□全国各地の研究所(プロジェクト先：企業・大学・公的機関など) □当社リサーチセンター【受託研究(…,"月給23万円以上＋賞与年2回＋各種手当
※経験・年齢・スキルなどを考慮のうえ、決定いたします。

＜評価…"
4,ラーニンギフト株式会社  ,http://tenshoku.mynavi.jp/jobinfo-257755-1-18-1/msg,【インフラエンジニア】 ★毎月新規7800案件の中から、スキルや希望に応じてアサインします。,学歴不問　＜職種・業種未経験、第二新卒者、歓迎＞,全国47都道府県のプロジェクト先または本社（渋谷区） ◎勤務地は希望を考慮。転勤はありません。 ◎…,"◇経験2年未満の方：月給23万円〜35万円
※IT業界にて何らかの実務経験1ヶ月以上の方
※何らかの言語でプ…"
5,株式会社スロアストン ,http://tenshoku.mynavi.jp/jobinfo-262047-1-3-1,プロジェクトの中心を担うメインエンジニア★「アクション対魔忍」に続くヒット作を生んでください,クライアントサイド（Unityなど）での開発orサーバサイド（AWSやAzureなど）での開発経験,【大阪・東京で募集！】 ※勤務地は希望を考慮の上で決定します。 大阪本社／大阪府大阪市中央区安堂寺…," 月給28万円〜 ＋住宅手当＋家族手当＋交通費（全額支給）

※経験・スキル等に応じて、当社規定により優…"
6,ヒューマンリレーションネクスト株式会社 ,http://tenshoku.mynavi.jp/jobinfo-130378-1-57-1,【大手直請案件が9割以上◎毎月5000件以上のPJ依頼あり】あなたのスキル・ご経験・ご希望をもとに、インフラ・開発各領域から最適なPJが選べます！,【学歴不問】ITエンジニアとしての実務経験をお持ちの方　※実務経験2年以上の方やPL、PM経験者は高待遇で優遇！10か月など微経験も歓迎！,【転勤なし／在宅併用PJ多数】東京、神奈川、千葉のPJ先　※新宿／品川／有楽町／横浜／海浜幕張et…,"【経験者】
月給28万円以上　＋昇給随時＋賞与（年2回）
★経験者は前職給与以上を保証します！
※ご経験…"
7,株式会社ONE-TECH ,http://tenshoku.mynavi.jp/jobinfo-315276-1-4-1,完全未経験からでもしっかり育てるトレーニングからスタート★チームで参画するできるプロジェクトがメインなので安心です★土日祝休み×残業月5hほど,学歴・ブランク・転職回数など不問☆社会人未経験・第二新卒の方もぜひご応募ください☆リモートワークなどライフスタイルに合わせて働きたい方もOK,本社、または東京・神奈川・千葉・埼玉のプロジェクト先 ※希望を考慮し決定します。 【本社】 東京都…,"月給：20万円〜60万円

※経験・能力・スキル等を考慮の上、当社規定により決定します。
※固定残業代10…"
8,株式会社SHIFT ,http://tenshoku.mynavi.jp/jobinfo-261825-1-43-1,＜まずはSHIFTの品質保証・テストのノウハウ習得から＞ テスト設計からメンバーマネジメントまで、あなたのレベルに応じた業務をお任せ。,＜専門性を身につけて、長くキャリアを描いていきたい方を求めています＞◆学歴不問◆何らかのシステム開発、もしくはテスト業務の経験をお持ちの方,★【リモートワーク実施中です】★ ●UIJターン大歓迎 ●本人の意志に沿わない、転居を伴う転勤はあ…,"■月給 35万〜49万5,834円（一律手当含む）
＜内訳＞
基本給:20万3,900円〜31万1,834円
固定残業代:9万1,…"
9,株式会社KDDIエボルバ ,http://tenshoku.mynavi.jp/jobinfo-286968-1-21-1/msg,テスターやヘルプデスク、インフラ運用監視などエントリークラスの業務からスタート◎将来的には大規模PJを担うエンジニアが目指せます,【経験・知識は不問！第二新卒歓迎！】◎「IT業界は初めて」「ITに興味がある」という方、歓迎！★定着率95％・居心地の良さはバツグン！,【転勤なし☆東京・埼玉・千葉・神奈川など首都圏で募集中！】※希望を考慮します。 ★定着率95％の好…,"月給21万円〜25万円+残業手当（1分単位で支給）+諸手当
※支給額は年齢、能力により、当社規定により決定…"
10,株式会社 ＨＡＬ ,http://tenshoku.mynavi.jp/jobinfo-93271-1-13-1,＜あなたの希望の案件・技術・働き方をできる限り叶えます！＞開発プロジェクトやインフラ案件などやりたい仕事に挑戦してください！,＜知識ゼロ・未経験OK＞ ◆必須条件は社会人経験のみ！ ※経験1年程の方も経験者として最大限評価します！(スキルチェンジも大歓迎！),《リモートワーク可／会社都合による転勤は一切なし！》 ☆本人のご希望・居住地を考慮し、案件をご案内…,"≪関東・関西・東海エリア≫
月給40万円〜(開発経験5年以上)
月給35万円〜(3年以上)
月給30万円〜(3年未…"
11,アンリミ株式会社 ,http://tenshoku.mynavi.jp/jobinfo-194488-1-29-1,《完全WEB面接＆面接保証》ビジネスマナーやエクセル、IT基礎知識を研修で教えちゃる！テストや開発への挑戦、運用保守など希望案件をしてみるばい！,《転職回数/志望動機不問/テレワーク有》「エンジニアになりたか〜」「いまの状況ば変えたか〜」⇒よかよ！アンリミで一緒に成長しよに★29歳までの方,◆福岡県内のクライアント先 ★テレワーク率60％以上！ （現場により完全テレワークもあり ※新人不…,"月給38万円〜(上流3年以上)
月給28万円〜37万円(開発3年以上)
月給19万円〜27万円(未経験〜開発3年未満)
…"
12,Modis株式会社 ,http://tenshoku.mynavi.jp/jobinfo-106763-1-43-1,【最短でPMへのステップアップが可能】Modisの受託開発部門で、プリセールスやソリューション提案を行います。,ネットワークやサーバの設計・構築経験またはアプリケーションの設計・開発経験（いずれも3年以上）をお持ちの方,関東・中部・関西の事業所 ※勤務地エリア限定制度有 ※リモートワークを活用しながら勤務形態多数 【…,"【基本給】月給30万〜45万円（+別途手当支給）
※支給額は年齢、能力により、当社規定により決定します。…"
13,株式会社ラクスパートナーズ ,http://tenshoku.mynavi.jp/jobinfo-107621-1-32-1/msg,【15名以上の同期と学び合える】◆専任講師の指導で知識・スキルを習得後、プロジェクト先に配属 ★配属後も手厚いフォローでサポートします！,【未経験・第二新卒歓迎／9割が未経験入社／文系出身者も多数活躍中】◆「エンジニアとして成長する」という意欲がある方歓迎 ★女性活躍中！,【転勤なし／UIターン歓迎／駅近オフィス】 ≪本社・ラーニングセンター≫ または ≪東京23区を中…,"■月給23万円〜
（別途、各種手当・賞与年2回有） 

※月間20時間分（3万1,094円〜）の見込み残業代を含…"
14,株式会社クオリア・リンクス ,http://tenshoku.mynavi.jp/jobinfo-223287-1-2-1,【PCに触ったことがなくても大丈夫♪】1カ月研修からスタート！研修後、サポート事務・ゲーム・アプリ・Web等に携われます ★在宅ワーク導入！,＜ゲーム・アニメ好き集まれ♪・志望動機不問＞◎経験者／未経験者・第二新卒・ブランクある方も大歓迎 ／年間休日125日 )※平均年齢25歳,★転勤なし★新オフィスに移転！ 本社／東京都中央区築地2丁目1番16号　STRADA GINZA…,"月給19万5,000円〜＋諸手当（交通費全額支給、資格手当、報酬金制度など）

★経験・スキル・年齢・前職…"
15,株式会社アクロビジョン ,http://tenshoku.mynavi.jp/jobinfo-230455-1-57-1/msg,インフラ、クラウド、アプリ・システム開発など幅広い案件でご活躍いただきます。★フルリモート可 ★前職から年収100万円UPの実績も！,ITエンジニア実務経験者優遇（経験2年以上が目安／インフラ・アプリ開発など技術領域は問いません）　※エンジニア未経験者のチャレンジも歓迎,★本社または各拠点近郊のプロジェクト先 ★希望のエリアを選べます！I・Uターン歓迎！ ★転勤無し…,"【経験者】
・月給：27〜50万円（関東・関西・愛知・福岡・宮城・広島）
・月給：25〜50万円（その他拠点…"
16,株式会社ARS ,http://tenshoku.mynavi.jp/jobinfo-99934-1-4-1,★時間単位の有給取得OK ★時短勤務制度あり ◎自社パッケージの企画〜導入・販売、受託業務系システム(オープン・Web系・組込系)の構築・設計・開発,★フルリモートあり★毎週土日祝休み ◎何らかのプログラミングorシステムエンジニアの経験・知識がある方(年数不問)  ◎高卒以上,◇◆UIターン歓迎／原則転勤無し◆◇ 【熊本】【鹿児島】【福岡】【東京】【沖縄】 5拠点のうち、ご…,"月給18万円〜35万円 ＋ 残業代

※上記にプラス基本残業手当（100％支給）、
　各種諸手当を別途支給しま…"
17,株式会社テクノプロ　テクノプロ・デザイン社 ,http://tenshoku.mynavi.jp/jobinfo-290077-1-14-1,【約3ヵ月の特別研修からスタート】 自社内研修で基礎を固めてからエンジニアデビュー！！上流〜下流まで幅広い工程に携われます！,【業界・職種未経験歓迎】エンジニアデビューしたい方★業界高水準の定着率93.5％★独学・スクールで勉強した方もOK,全国34都道府県+10カ所の開発センターにて勤務可能。 ※リモートワークが可能なプロジェクトもあり…,"月給20.5万円〜 ＋ 賞与3回＋諸手当
想定年収：361万円〜
※能力・経験・年齢等を考慮の上、当社規程に従…"
18,株式会社日本技研プロフェッショナルアーキテクト ,http://tenshoku.mynavi.jp/jobinfo-199405-1-54-1/msg,【まずは3ヶ月の自社内研修から！】■官公庁や金融系企業などのWebサイトのコーディング等をお任せ！◎有給取得率80%以上！◎9割が未経験スタート！,【定着率93%！学歴・性別不問】★WebやITの知識も一切不問♪かわいい動画、レシピサイトなど…今度は見る側から作る側に♪育休〜復帰もバッチリ！,新宿本社または首都圏各事業所に配属。 ★配属先のプロジェクトにより、テレワーク可。 本社： 東京都…,"【未経験者】
月給230,294円〜

【経験者】
月給30〜60万円＋各種手当＋部下1人あたり手当2万円
※部下1…"
19,ラーニンギフト株式会社  ,http://tenshoku.mynavi.jp/jobinfo-257755-1-17-1/msg,システムエンジニアとして多彩な案件に携わっていきます。　※月平均6万円のプロジェクト手当あり,学歴不問　＜職種・業種未経験、第二新卒者、歓迎＞,全国47都道府県のプロジェクト先または本社（渋谷区） ◎勤務地は希望を考慮。転勤はありません。 ◎…,"【経験1年未満の方】
月給23万円〜35万円
※IT業界にて何らかの実務経験1ヶ月以上の方
※何らかの言語で…"
20,株式会社Gizumo ,http://tenshoku.mynavi.jp/jobinfo-160957-1-18-1/msg,アプリ・ゲーム・SNSの開発等、多彩なプロジェクトの中からあなたに合った業務をお任せ！◎研修、交流会、社内共有アプリなどサポート充実 ◎土日祝休,【未経験OK/学歴不問/第二新卒歓迎】意欲・人柄重視採用♪「ITって何の略？」レベルの人もOK！◎平均年齢27.2歳の男女が活躍中！◎副業可,＜転勤なし！渋谷駅新南口から徒歩2分！＞ 本社／東京都渋谷区渋谷3-28-15渋谷S.野口Bldg…,"月給：21万2,944円〜60万円

※当社規定により決定致します。
※上記にはみなし残業手当月20時間相当／2…"
21,株式会社SHIFT ,http://tenshoku.mynavi.jp/jobinfo-261825-1-41-1/msg,【充実研修】経理/財務/人事労務/在庫管理等の経験を武器にお客様の業務システムを最適な状態へサポート＜コンサルティング/検証/テスト/資料作成等＞,【未経験・第二新卒歓迎！】◎男女不問◎財務会計・管理会計・販売/物流管理・在庫/購買管理・生産管理などの事務経験を活かしてIT業界で活躍したい方,東京・大阪の各拠点 ※主要拠点は東京・大阪となりますが、部署の9割以上の社員が現在在宅勤務で就業し…,"■月給30万円〜33万3,333円
・固定残業代はなく、1分単位で残業代を支給します
・一律手当5万5,000円を含…"
22,株式会社夢テクノロジー ,http://tenshoku.mynavi.jp/jobinfo-261505-1-99-1,【未経験入社8割！！】普段見ているWEBサイトやECサイトの開発に携われる！研修中に資格も取得でき、基礎の基礎から学べる環境なので安心♪,【★高卒以上★文系出身も多数活躍中！】新しいスタート大歓迎！★IT業界に興味のある方★キャリアチェンジしたい方◆文系出身や20代多数活躍中◆,＜各エリアにて採用中！＞ ※希望エリアを考慮 【在宅勤務実施中です】※配属先によって異なります。…,"◆月給22万円〜（一律手当含む）
┗みなし残業手当10時間分含む（15,625円〜）※超過分は別途支給

☆経…"
23,株式会社アカリエ ,http://tenshoku.mynavi.jp/jobinfo-161412-1-32-1/msg,【介護業界大手ツクイグループの一員】介護領域に関わる各種システムをはじめとした、さまざまなサービスの開発〜運用までをお任せします。,【経験年数・言語・担当工程なども不問】未経験歓迎 ◆年間休日121日！　◆リフレッシュ休暇制度,★希望を考慮の上、配属PJを決定します ★転居を伴う転勤はありません 【横浜支社】 神奈川県横浜市…,"◆月給／25万円〜30万円＋時間外手当
※上記はあくまでも想定給与額です。
　経験、能力などを考慮の上、…"
24,Modis株式会社 ,http://tenshoku.mynavi.jp/jobinfo-274497-1-39-1/msg,【経験が浅い方でもOK】ソフト開発、ネットワーク、サーバ分野における上流工程を担当,ネットワーク、サーバの運用保守または、ソフトウェア開発の実務経験が1年以上ある方,【関西・東海エリアでも積極採用中】 東京・名古屋・大阪の大都市、および関東・中部・近畿地域のプロジ…,"月給20万円〜61万円+賞与年2回+一律手当

※待機中も基本給、各種手当に変動ありません。
※経験・スキル…"
25,株式会社ウォーターウィッシュ ,http://tenshoku.mynavi.jp/jobinfo-323382-1-2-1/msg,【専任講師の研修は5カ年計画】自社内研修→世界共通資格を取得しエンジニアデビュー→仲間と一緒にスキルアップ→市場価値の高いITエンジニアへ,【未経験率98.4％・定着率93.2％】◆未経験・第二新卒大歓迎 ◆「IT業界に興味がある」という気持ちだけでOK！ ◆採用基準は「友達になれそうな人」,【リモートワーク実施中/地方からの応募も歓迎◎】 本社または東京都・神奈川県・千葉県・埼玉県の各プ…,"月給207,000円〜250,000円＋住宅/資格手当＋賞与年1回
◆半年毎に計6回100%自動昇給◆

※年齢やスキルを…"
26,フォーザウィン株式会社 ,http://tenshoku.mynavi.jp/jobinfo-156900-1-536-1/msg,新卒には無い社会人経験の強みを活かし、IT研修を通して未経験エンジニアとしての業務を始めて頂きます。,★未経験★第二新卒★既卒者歓迎★社会人経験をお持ちの方★IT業界に興味がある方★手に職をつけたい方★スキルアップしたい方,☆転勤なし！（現住所から勤務地を決定いたします） 東京本社・渋谷支店・大阪支店・名古屋支店・福岡支…,"経験者：月給25万円以上
未経験：月給23万〜25万円

経験・能力等を考慮の上、当社規定により最大限優遇…"
27,株式会社ケアリッツ・テクノロジーズ ,http://tenshoku.mynavi.jp/jobinfo-317836-1-22-1,【年間250名を採用する成長企業！】エンジニア経験が浅くても、チームリーダーに挑戦したい方大歓迎！あなたの成長を当社が全力でサポートします！,【残業月10ｈ★完全土日祝休】何らかのアプリ・システム開発経験をお持ちの方 ※PJTマネジメントに挑戦したい意欲があればPL/PM経験のない方も歓迎！,【交通費全額支給】【転居を伴う転勤なし】【リモートワーク実施中です 】 ★東京都内、埼玉県、神奈川…,"■月給47万円〜80万円＋諸手当＋賞与2回
※経験・能力・前職の給与を考慮して決定いたします
※試用期間3…"
28,株式会社ディ・アイ・システム ,http://tenshoku.mynavi.jp/jobinfo-127282-1-39-1,◎多彩な案件の中から適性に応じたプロジェクトへ！★研修充実《まずは…》専任講師がITの基礎からレクチャー＆同期と学べる研修からStart♪,《第二新卒/未経験歓迎》＼意欲最重視宣言！／「ITエンジニアになりたい」「いまを変えたい！」⇒その想いを重視した採用を行います★80%が未経験入社,【リモートワーク実施中です】※会社全体で約7割実施！ 勤務先：丸の内・大手町・恵比寿・新宿・品川・…,"月給21万円以上

※あくまでも最低保証金額です。
経験、能力等を考慮の上、優遇します。

＼充実の研修…"
29,株式会社夢テクノロジー ,http://tenshoku.mynavi.jp/jobinfo-261505-1-101-1,≪未経験スタート8割以上≫★最長3カ月の研修あり★多彩なITプロジェクトの中から、アナタの未来につながる業務に配属します。,≪未経験の方、フリーターの方、大歓迎！≫経験不問、高卒以上／コンビニバイトやアパレル店員、塾講師らさまざまな前職の先輩が活躍中！,＜各エリアにて採用中！＞ ※希望エリアを考慮 【在宅勤務実施中です】※配属先によって異なります。…,"◆月給22万円〜（一律手当含む）
┗みなし残業手当10時間分含む（15,625円〜）※超過分は別途支給

☆経…"
30,株式会社オーシーエム ,http://tenshoku.mynavi.jp/jobinfo-267933-1-5-1/msg,【直案件や大手SIerの案件中心／好待遇・好環境をご用意】アプリ、Web、インフラ、社内SEなど多彩なプロジェクトから、希望の案件・働き方を選べる！,【第二新卒歓迎！複数名採用！20〜40代が活躍中】IT業界での何らかの業務経験（言語不問）*企業認定資格多数取得している安心環境で定着率◎手当充実,【転勤なし／リモート案件現状8割！／フレックス勤務可／UIターン歓迎】 ◆東京オフィス 東京都港区…,【前職給与保証】年俸制／420万円〜※上記年俸の1／12（月額35万円以上＋在宅手当・評価手当・ロール手当…
31,株式会社GSI ,http://tenshoku.mynavi.jp/jobinfo-98190-1-32-1/msg,【最長4ヶ月の自社内研修で未経験でも安心スタート！】独自カリキュラムで基礎を固めてデビュー！上流〜下流まで幅広い工程に携われます！,【未経験大歓迎！学歴不問】★28歳以下の方(※) ★プログラミングやITに興味があり、エンジニアデビューしたい方★資格取得率94.8％★残業月平均14.3H,★勤務地は札幌・東京・福岡・大阪・仙台が選べます！ ★全拠点積極採用中 ★100％転勤なし ★U・…,"〈月給〉
◆未経験者
東京 22万円〜＋賞与年2回
大阪 21万円〜＋賞与年2回
札幌・福岡・仙台 20万円〜＋…"
32,株式会社テクノプロ ,http://tenshoku.mynavi.jp/jobinfo-164102-1-69-1,＜生涯研究者／第二新卒歓迎＞化学、医薬品、食品飲料、化粧品、素材または、学術研究機関などの領域における品質管理業務を担当 ★年間休日122日,<正社員/年収UPを叶えた社員も>大卒/高専卒/専門卒かつ研究経験1年以上ある方、もしくは理系大学修士課程修了以上(実務未経験歓迎)の方,□全国各地の研究所(プロジェクト先／企業・大学・公的機関など) □当社リサーチセンター【受託研究(…,"月給20万円以上＋賞与年2回＋各種手当
※経験・年齢・スキルなどを考慮のうえ、決定いたします。

＜評価…"
33,株式会社ディ・アイ・システム ,http://tenshoku.mynavi.jp/jobinfo-127282-1-40-1,◎多彩な案件の中から適性に応じたプロジェクトへ！★研修充実《まずは…》専任講師がITの基礎からレクチャー＆同期と学べる研修からStart♪,《第二新卒/未経験歓迎》◆35歳以下の方　「ITエンジニアになりたい」「いまを変えたい！」⇒その想いを重視した採用を行います★80%が未経験入社,★大阪積極採用中★ ※U・Iターン歓迎！ 基本的に転勤はありません。 勤務先：難波・梅田・十三・大…,"月給21万円以上

※あくまでも最低保証金額です。
経験、能力等を考慮の上、優遇します。

＼充実の研修…"
34,CLINKS株式会社 ,http://tenshoku.mynavi.jp/jobinfo-271461-1-19-1,【入社後は約1ヶ月間の研修で0から成長】あなたの適性や希望に合わせたシステム開発業務をお任せします★リモートワーク&フルリモートOK★土日祝休み,＼20代活躍中／★学歴不問 ★完全未経験＆知識ゼロの方も大歓迎！◎正社員経験のない方や社会人デビューの方も歓迎します！★副業OK ★退職金制度あり,★転勤なし ★家具付き社員寮 ★U・Iターン歓迎 ★希望を考慮のうえ、〈首都圏・関西の各クライアン…,"〈月給〉21万円以上＋賞与＋諸手当（残業代は別途全額支給！）

※経験・能力を最大限に考慮のうえ決定し…"
35,テニック株式会社 ,http://tenshoku.mynavi.jp/jobinfo-105609-1-22-1,《最先端・大規模案件が多数！》大手玩具メーカー・エンタメ企業のECサイト／映像配信サービス／WEBサービス／アプリ／AI案件などをお任せします。,《20〜30代＆第二新卒歓迎！》【未経験者】ITに関する知識・経験（学校で勉強＆独学OK）【経験者】何らかの開発 or インフラ構築・設計経験,《U・Iターン歓迎／転勤なし！》 ■本社 東京都渋谷区笹塚一丁目64-8 Daiwa笹塚ビル5階…,"■年俸制／258万円〜1000万円（1/12を毎月支給）

※経験・年齢を考慮の上、当社規定により優遇・決定し…"
36,株式会社アスページ ,http://tenshoku.mynavi.jp/jobinfo-97461-1-34-1,★専任講師による2〜3カ月の研修で未経験者をゼロから育成！★Web系などのシステム開発・ITインフラ・Webサイト制作など様々なプロジェクトで活躍,★学歴不問★未経験者大歓迎！★第二新卒・社会人デビューの方も大歓迎！★経験者ももちろん大歓迎！,本社（東京都千代田区）および、23区・首都圏を中心とするプロジェクト先 ◆プロジェクト先／東京都、…,"月給21万円〜60万円＋各種手当

※経験・スキル等を考慮して優遇します。

【年収例】
◆312万円／24歳１…"
37,株式会社VENE BASE ,http://tenshoku.mynavi.jp/jobinfo-321823-1-2-1,【希望の働き方・スキル・案件をヒアリング！】WEB構築・システム開発・DX推進・インフラ構築など…多彩な案件から希望に合ったプロジェクトに配属！,【第二新卒歓迎！20〜30代活躍中】◎ITエンジニアの実務経験をお持ちの方歓迎！(経験年数や言語・領域不問) ★土日祝休★年休120日以上★残業月20h程,◆転勤なし 【リモートワーク実施中です】 【テレワーク実施中です】 【東京本社または東京近郊のプロ…,"月給21万円〜60万円 ＋ 諸手当 ＋ 賞与年2回
※経験、スキルなどを考慮します。
※試用期間3ヵ月あり。労…"
38,株式会社SALTO ,http://tenshoku.mynavi.jp/jobinfo-301840-1-3-1,【大手SIerやエンドユーザーとのプライム案件など】◆Webオープン系システムを中心に、得意分野や希望に応じたプロジェクトに配属★キャリアも多彩！,【社会人デビュー歓迎！若手活躍中】◆実務未経験OK（学校・独学等でプログラミングを学んだ経験がある方）＊新オフィスのスターティングメンバー！,【転勤なし／U・Iターン歓迎！】 〈大阪事務所〉 大阪府大阪市中央区平野町4-8-5　Re-013…,"月給30万円以上 + 賞与 + 各種手当

※ご経験者はスキルやキャリアによって、上振れいたします！
※賞与…"
39,株式会社アスパーク ,http://tenshoku.mynavi.jp/jobinfo-181230-1-9-1/msg,勉強会や交流会が充実、未経験でも安心いただけます。自社内開発(電気自動車OWL ・就活アプリ)や、大手企業(自動車・ゲームなど)の業界で活躍できます,【職種・業種未経験の方歓迎！エンジニアデビューも応援します♪】◎エンジニアとして新たなスタートを切りたい方を歓迎 ◎多彩なキャリアパスあり,【基本的に転勤はなし＆家賃補助あり】 配属は各エリアのプロジェクト先！ ※東北、関東、北信越、東海…,"実務経験者：月給21〜60万円＋時間外手当
全額支給+賞与年2回（昨年度実績：3.5ヵ月分）
未経験者　：月…"
40,株式会社スタッフサービス ,http://tenshoku.mynavi.jp/jobinfo-52476-1-498-1/msg,【まずは、特別カリキュラムから受講！】ゆくゆくは、IT関連のプロジェクト先にて、ソフトウェア開発等を担当！★年休125日★残業月10h,【業界・職種未経験歓迎】◆男女不問◆高卒以上★ITエンジニアとして成長していきたい方★20〜30代多数活躍中！,【転勤なし】北海道から九州まで46都道府県の各プロジェクト先(在宅案件もあり) ★面接地エリアでの…,"月給21万5,000円以上＋各種手当（残業手当全額支給等）

※首都圏勤務の場合、月給23万5,000円以上＋各種…"
41,アンリミ株式会社 ,http://tenshoku.mynavi.jp/jobinfo-194488-1-28-1,《まずは…》社内研修にてエンジニアの基礎をイチからスタート！《その後は…》テストなどの無理のない仕事から着実にSE・PGへ成長していきます！,《くどいですが》完全未経験者を歓迎します！志望動機も「なんとなく」でかまいません！私たちと一緒にキャリアを築いていきましょう！★29歳までの方,山手線沿線を中心とした東京23区内＋川崎市の各クライアント先 （品川区・港区が中心です） ★転勤は…,"月給40万円〜(上流3年以上)
月給30万円〜39万円(開発3年以上)
月給21万円〜29万円(未経験〜開発3年未満)
…"
42,株式会社スタッフサービス ,http://tenshoku.mynavi.jp/jobinfo-52476-1-496-1/msg,"【面接地エリアでの就業率92％以上】""研修付き採用枠""もあり！まずはスキルに合わせて出来ることから担当！人工知能・IoT等のプロジェクトも！",【業界・職種未経験歓迎】※完全週休2日制・土日休みでオフも充実※ITエンジニアとして成長していきたい方歓迎！★高卒以上,【転勤なし】北海道から九州まで46都道府県の各プロジェクト先(在宅案件もあり) ★面接地エリアでの…,"月給21万5,000円〜55万円

※首都圏勤務の場合、月給23万5,000円〜55万円。
※残業手当全額支給、各種手…"
43,株式会社リクルートR&Dスタッフィング ,http://tenshoku.mynavi.jp/jobinfo-139563-1-177-1,<充実した研修あり！>Web系などの各種システム設計・開発、iOS・Androidアプリ開発、受託開発等を担当。◎組込み系⇔Web系等へキャリアチェンジも可能,《年齢・学歴不問》＼安定と成長を両立させたい・・・！／そんな方、ぜひ！◎未経験や第二新卒歓迎！★経験者の方は優遇,【全国36都府県】 ※希望勤務地考慮 ※IUターン歓迎 (東北エリア)：青森、秋田、岩手、山形、宮…,"月給20万〜44万円
※経験、能力、前給を考慮し相談の上、決定します。
※時間外手当支給"
44,株式会社スタッフサービス ,http://tenshoku.mynavi.jp/jobinfo-52476-1-497-1/msg,【“研修付き採用枠“もあり♪】IT関連のプロジェクト先で、エンジニアのサポートや資料作成など簡単な業務からお任せ★年休125日/残業月10h,【業界・職種未経験歓迎】◆男女不問◆高卒以上★スキルアップ意欲のある方は歓迎,【転勤なし】北海道から九州まで46都道府県の各プロジェクト先(在宅案件もあり) ★面接地エリアでの…,"月給21万5,000円以上＋各種手当（残業手当全額支給等）

※首都圏勤務の場合、月給23万5,000円以上＋各種…"
45,サンブリッジソリューションズ株式会社 ,http://tenshoku.mynavi.jp/jobinfo-327021-1-3-1,【入社前・入社後をフルカバーした教育体制！】クライアントが持つビッグデータの分析、課題解決の為の有益な情報・レポートの企画・提案を行います。,【引越し手当有】【第二新卒/実務未経験/女性SE活躍中】理系知識をお持ちの方（数学、統計学、情報学など何でもOK）/データエンジニアに興味のある方,【転勤なし】東京都内の各プロジェクト先にてご活躍いただきます。 ★引越し手当あり！（最大9万円）…,"月給28万円〜80万円
★経験や能力を考慮のうえ、当社規定により決定します。
★別途、決算賞与や各種手当…"
46,キャリン株式会社 ,http://tenshoku.mynavi.jp/jobinfo-317974-1-1-1,★案件は自由に選択　★無駄な自社MTGや作業なし　★Web・モバイル・オープン系のシステム開発において、あなたの希望する案件で活躍してください！,経験やスキルも大事ですが、「人柄」を重視します！ ★人間関係を重んじて利他的な判断ができる方、自主的に判断して働きたい方、大歓迎です。,★希望する立地のプロジェクトにアサイン！ ★転勤なし & U・Iターン歓迎！ 本社 または 東京/…,"月給34万円〜50万円 ＋ 各種手当 ＋ 業績賞与

※給与は、経験やスキルに応じて決まる報酬テーブル（全社…"
47,株式会社システナ ,http://tenshoku.mynavi.jp/jobinfo-249384-1-32-1,【少人数での基礎研修からスタート】アプリ開発/クラウド関連/システム運用/テクニカルサポートの中から、あなたに最適な案件でエンジニアデビュー！,＼ITの経験・知識は一切不問！異業種の経験が活かせます！／ ◆未経験・第二新卒歓迎　◆34歳以下　◆「社会に貢献できるエンジニア」を目指したい方,【転勤なし】 東京本社、竹芝デザインスタジオもしくは東京・神奈川のお客様先 ※勤務地はお住まいと希…,"月給：22万円＋賞与年2回＋残業代全額支給

※あなたのご経験などを考慮し、ご決定します。
※試用期間3…"
48,株式会社SMSデータテック ,http://tenshoku.mynavi.jp/jobinfo-115729-1-13-1,システム開発本部またはソリューションサービス本部に配属後、システム開発・クラウド基盤構築・システム維持運用・保守のいずれかを担当します,【高額研修費用補助あり/ローキャリアOK】IT業界での実務経験または業務に関連する資格・知識をお持ちの方◆5日以上連続休暇取得可能◆月残業20h以内,【U・Iターン歓迎/転勤なし/テレワーク可/住宅手当あり（2.5万円）】 ■東京本社及び首都圏内の…,"月給：23万円〜55万円

※経験・年齢・能力を考慮のうえ、決定致します。
※試用期間3ヶ月(期間中の待遇…"
